<?xml version='1.0'?>
<home version='7000' exportFlags='17' name='house1.sh3d' camera='observerCamera' selectedLevel='level-01559497-194a-4418-adef-c4e4c3496ae6' wallHeight='250.0'>
  <environment groundColor='00A8A8A8' skyColor='FF93DFFF' lightColor='00878787'>
    <observerCamera attribute='cameraPath' id='observerCamera-92a9b4c0-d635-438a-a8b3-ec4e89c90db5' lens='PINHOLE' x='17.263176' y='89.53889' z='167.32318' yaw='9.749026' pitch='0.41079572' fieldOfView='1.0995575' time='1599393600000'/>
    <observerCamera attribute='cameraPath' id='observerCamera-330b2ae1-1c65-4de2-95e2-44d17abe8c41' lens='PINHOLE' x='56.18627' y='-60.631992' z='167.32318' yaw='9.479022' pitch='0.32579577' fieldOfView='1.0995575' time='1599393600000'/>
    <observerCamera attribute='cameraPath' id='observerCamera-f2ca953b-fd37-46f3-aa86-d278d8c9b42c' lens='PINHOLE' x='75.424225' y='-273.08035' z='167.32318' yaw='9.799024' pitch='0.42079574' fieldOfView='1.0995575' time='1599393600000'/>
    <observerCamera attribute='cameraPath' id='observerCamera-674db27d-ddad-4481-aa90-19c32a21997c' lens='PINHOLE' x='177.9376' y='-619.3845' z='167.32318' yaw='8.939022' pitch='0.3107957' fieldOfView='1.0995575' time='1599393600000'/>
    <observerCamera attribute='cameraPath' id='observerCamera-4cb7b32e-0b33-420c-bf87-d9083a95b74f' lens='PINHOLE' x='118.64018' y='-842.7669' z='167.32318' yaw='12.924027' pitch='0.3007956' fieldOfView='1.0995575' time='1599393600000'/>
    <observerCamera attribute='cameraPath' id='observerCamera-c703d4a0-f32f-47c0-9972-a92c0cc259fb' lens='PINHOLE' x='118.64018' y='-842.7669' z='167.32318' yaw='11.974027' pitch='0.3757956' fieldOfView='1.0995575' time='1599393600000'/>
    <observerCamera attribute='cameraPath' id='observerCamera-16eacce4-a2f1-4d5f-ba06-62453c981e3b' lens='PINHOLE' x='276.7892' y='-622.13904' z='167.32318' yaw='11.811384' pitch='0.45579553' fieldOfView='1.0995575' time='1599393600000'/>
    <observerCamera attribute='cameraPath' id='observerCamera-533eab0d-cc8e-4b6b-8400-a3b3d39dfbd2' lens='PINHOLE' x='315.65115' y='-625.41846' z='167.32318' yaw='9.921385' pitch='0.47079542' fieldOfView='1.0995575' time='1599393600000'/>
    <observerCamera attribute='cameraPath' id='observerCamera-b1d9482d-1435-424f-b2ad-1ec1baf1b9e9' lens='PINHOLE' x='416.8858' y='-601.59485' z='167.32318' yaw='11.496386' pitch='0.3507955' fieldOfView='1.0995575' time='1599393600000'/>
    <observerCamera attribute='cameraPath' id='observerCamera-31fc25e1-cd5c-49ed-b07d-36eb08662cf2' lens='PINHOLE' x='462.27173' y='-598.37555' z='167.32318' yaw='10.761384' pitch='0.28579557' fieldOfView='1.0995575' time='1599393600000'/>
    <observerCamera attribute='cameraPath' id='observerCamera-a6df61d2-f2b0-44b8-9917-bc8dbbb4c18a' lens='PINHOLE' x='552.143' y='-637.4103' z='167.32318' yaw='10.916385' pitch='0.35579577' fieldOfView='1.0995575' time='1599393600000'/>
    <observerCamera attribute='cameraPath' id='observerCamera-52ccb5ef-e865-4d5f-83fa-2b1799065f15' lens='PINHOLE' x='552.143' y='-637.4103' z='167.32318' yaw='9.446384' pitch='0.2607957' fieldOfView='1.0995575' time='1599393600000'/>
    <observerCamera attribute='cameraPath' id='observerCamera-2817523b-1bb9-432d-b128-5b9270b4a485' lens='PINHOLE' x='559.1651' y='-962.334' z='167.32318' yaw='11.141387' pitch='0.33079565' fieldOfView='1.0995575' time='1599393600000'/>
    <observerCamera attribute='cameraPath' id='observerCamera-926bce69-76ab-4e1d-b93c-0f84ecb1464e' lens='PINHOLE' x='559.1651' y='-962.334' z='167.32318' yaw='11.846388' pitch='0.34579566' fieldOfView='1.0995575' time='1599393600000'/>
    <observerCamera attribute='cameraPath' id='observerCamera-04528dbb-9c18-41a2-b175-02ca90a7eb96' lens='PINHOLE' x='774.25946' y='-1006.6947' z='167.32318' yaw='13.017518' pitch='0.25079578' fieldOfView='1.0995575' time='1599393600000'/>
  </environment>
  <observerCamera attribute='observerCamera' lens='PINHOLE' x='281.00134' y='653.11676' z='170.0' yaw='7.3040204' pitch='0.0024268525' fieldOfView='2.0943952' time='1599404400016'/>
  <camera attribute='topCamera' lens='PINHOLE' x='-324.95044' y='625.72546' z='1062.1426' yaw='73.84719' pitch='0.86079705' fieldOfView='1.0995575' time='1599393600000'/>
  <level id='level-01559497-194a-4418-adef-c4e4c3496ae6' name='Level 0' elevation='0.0' floorThickness='12.0' height='250.0' elevationIndex='0'/>
  <doorOrWindow level='level-01559497-194a-4418-adef-c4e4c3496ae6' catalogId='eTeks#door' name='Door' creator='eTeks' model='2' x='86.22802' y='1230.6547' angle='3.1415927' width='94.0' depth='14.53347' height='250.0' modelMirrored='true' modelSize='14086' movable='false' cutOutShape='M0,0 v1 h1 v-1 z' wallCutOutOnBothSides='true'>
    <material name='white' color='FF000000' shininess='0.1796875'/>
    <material name='yellowbrt' color='FF000000' shininess='0.7109375'/>
    <transformation name='sweethome3d_hinge_1' matrix='0.99986494 0 0.015214132 -4.8914464E-4 0 1 0 0 -0.017761357 0 0.9998649 -0.0072960504'/>
  </doorOrWindow>
  <doorOrWindow level='level-01559497-194a-4418-adef-c4e4c3496ae6' catalogId='eTeks#door' name='Door' creator='eTeks' model='2' x='372.73737' y='683.9634' width='74.700005' widthInPlan='74.70003' depth='76.9922' depthInPlan='76.992195' height='249.04202' modelSize='14086' movable='false' cutOutShape='M0,0 v1 h1 v-1 z' wallCutOutOnBothSides='true' wallWidth='0.99883515' wallLeft='0.0011646455'>
    <material name='white' color='FFFFFDF4'/>
    <transformation name='sweethome3d_hinge_1' matrix='0.009008327 0 -1.1614856 -0.37419525 0 1 0 0 0.86089647 0 0.009008325 0.38207173'/>
  </doorOrWindow>
  <doorOrWindow level='level-01559497-194a-4418-adef-c4e4c3496ae6' catalogId='eTeks#doubleFrenchWindow126x200' name='Double French window' creator='eTeks' model='4' x='226.06927' y='241.45103' elevation='11.0' angle='3.1415927' width='197.06384' depth='101.164' height='240.0' modelSize='13346' movable='false' cutOutShape='M0,0 v1 h1 v-1 z' wallCutOutOnBothSides='true' wallWidth='0.97430354' wallLeft='0.025696535'>
    <transformation name='sweethome3d_hinge_2' matrix='-0.034670435 0 0.19683914 0.86073124 0 1 0 0 -5.074184 0 -0.034670476 4.2271595'/>
    <transformation name='sweethome3d_hinge_1' matrix='-0.087936364 0 -0.19619453 -0.45965198 0 1 0 0 5.057568 0 -0.087936364 2.1428173'/>
  </doorOrWindow>
  <doorOrWindow level='level-01559497-194a-4418-adef-c4e4c3496ae6' catalogId='eTeks#doubleWindow126x163' name='Double window' creator='eTeks' model='6' x='484.573' y='140.10776' elevation='71.5' angle='3.1415927' width='102.5' depth='10.200749' height='176.5' modelSize='13650' movable='false' cutOutShape='M0,0 v1 h1 v-1 z' wallCutOutOnBothSides='true'/>
  <pieceOfFurniture level='level-01559497-194a-4418-adef-c4e4c3496ae6' catalogId='eTeks#bed140x190' name='Bed 140x190' creator='eTeks' model='8' x='448.65283' y='198.66357' angle='1.5707964' width='100.0' widthInPlan='100.00002' depth='180.0' depthInPlan='179.99998' height='70.0' modelSize='11797'>
    <material name='flyellow' color='FFA85B00'/>
  </pieceOfFurniture>
  <pieceOfFurniture level='level-01559497-194a-4418-adef-c4e4c3496ae6' catalogId='eTeks#wardrobe' name='Wardrobe' creator='eTeks' model='10' x='576.15283' y='274.08728' angle='4.712389' width='251.0' depth='60.0' height='247.0' modelSize='23218'>
    <material name='white' shininess='0.125'>
      <texture name='wood12' width='200.0' height='100.0' image='11'/>
    </material>
  </pieceOfFurniture>
  <pieceOfFurniture level='level-01559497-194a-4418-adef-c4e4c3496ae6' catalogId='eTeks#dresser' name='Dresser' creator='eTeks' model='13' x='61.255417' y='788.6477' angle='4.712389' width='170.0' depth='50.0' height='64.700005' modelSize='22106'/>
  <pieceOfFurniture level='level-01559497-194a-4418-adef-c4e4c3496ae6' catalogId='eTeks#plant' name='Plant' creator='eTeks' model='15' x='61.255405' y='902.6477' angle='4.712389' width='58.0' depth='50.0' height='82.0' modelSize='113183'/>
  <pieceOfFurniture level='level-01559497-194a-4418-adef-c4e4c3496ae6' catalogId='eTeks#flatTV' name='Flat TV' creator='eTeks' model='17' x='51.255413' y='789.2661' elevation='65.0' angle='4.712389' width='121.0' depth='30.0' height='79.3' modelSize='13041'/>
  <pieceOfFurniture level='level-01559497-194a-4418-adef-c4e4c3496ae6' catalogId='eTeks#sink' name='Sink' creator='eTeks' model='19' x='68.25541' y='433.93054' angle='4.712389' width='120.0' depth='64.0' height='133.0' modelSize='41849' movable='false'>
    <material name='silver' color='FFE7E7E7' shininess='1.0'/>
    <material name='white' color='FF1C1C1C' shininess='0.1953125'/>
  </pieceOfFurniture>
  <pieceOfFurniture level='level-01559497-194a-4418-adef-c4e4c3496ae6' catalogId='eTeks#fridge' name='Fridge' creator='eTeks' model='21' x='93.0307' y='625.40106' angle='4.712389' width='60.53108' depth='113.55059' height='182.0' modelSize='13397'>
    <material name='silver' color='FFD9D9D9' shininess='1.0'/>
    <material name='white' color='FFB3B3B3' shininess='0.5078125'/>
    <transformation name='sweethome3d_hinge_1' matrix='0.55556697 0 0.8786791 -0.14196588 0 1 0 0 -0.78680074 0 0.55556697 0.3669231'/>
  </pieceOfFurniture>
  <doorOrWindow level='level-01559497-194a-4418-adef-c4e4c3496ae6' catalogId='eTeks#door' name='Door' creator='eTeks' model='2' x='376.86017' y='520.0714' angle='3.1415927' width='79.55546' depth='79.46584' height='250.0' modelMirrored='true' modelSize='14086' movable='false' cutOutShape='M0,0 v1 h1 v-1 z' wallCutOutOnBothSides='true' wallWidth='0.95530844' wallLeft='0.044691328'>
    <material name='white'>
      <texture name='redwood' width='20.0' height='14.800001' image='22'/>
    </material>
    <transformation name='sweethome3d_hinge_1' matrix='-0.04279355 0 -1.2619181 -0.39262348 0 1 0 0 0.79099333 0 -0.04279355 0.35481787'/>
  </doorOrWindow>
  <doorOrWindow level='level-01559497-194a-4418-adef-c4e4c3496ae6' catalogId='eTeks#door' name='Door' creator='eTeks' model='2' x='528.7866' y='683.24194' width='74.01137' depth='75.61293' height='250.0' modelSize='14086' movable='false' cutOutShape='M0,0 v1 h1 v-1 z' wallCutOutOnBothSides='true' wallWidth='0.986335' wallLeft='0.01366493'>
    <material name='white'>
      <texture name='redwood' width='20.0' height='14.800001' image='22'/>
    </material>
    <transformation name='sweethome3d_hinge_1' matrix='-0.0055424967 0 -1.1917461 -0.37931323 0 1 0 0 0.83907914 0 -0.0055424967 0.3735195'/>
  </doorOrWindow>
  <doorOrWindow level='level-01559497-194a-4418-adef-c4e4c3496ae6' catalogId='eTeks#fixedWindow85x123' name='Fixed window' creator='eTeks' model='24' x='921.3341' y='562.10156' elevation='125.0' angle='1.5707964' width='70.0' widthInPlan='70.00001' depth='7.50075' height='123.0' modelSize='2198' movable='false' cutOutShape='M0,0 v1 h1 v-1 z' wallCutOutOnBothSides='true'/>
  <doorOrWindow level='level-01559497-194a-4418-adef-c4e4c3496ae6' catalogId='eTeks#door' name='Door' creator='eTeks' model='2' x='613.26794' y='603.4582' angle='4.712389' width='80.73074' depth='80.054825' height='250.0' modelSize='14086' movable='false' cutOutShape='M0,0 v1 h1 v-1 z' wallCutOutOnBothSides='true' wallWidth='0.9785615' wallLeft='0.021438278'>
    <material name='white'>
      <texture name='redwood' width='20.0' height='14.800001' image='22'/>
    </material>
    <transformation name='sweethome3d_hinge_1' matrix='-0.028926551 0 -0.9868639 -0.3947632 0 1 0 0 1.0124631 0 -0.028926557 0.44544673'/>
  </doorOrWindow>
  <doorOrWindow level='level-01559497-194a-4418-adef-c4e4c3496ae6' catalogId='eTeks#door' name='Door' creator='eTeks' model='2' x='705.7758' y='553.9833' angle='4.712389' width='77.70914' depth='77.07665' height='250.0' modelMirrored='true' modelSize='14086' movable='false' cutOutShape='M0,0 v1 h1 v-1 z' wallCutOutOnBothSides='true' wallWidth='0.9587032' wallLeft='0.041296583'>
    <material name='white' color='FFFFFDF4'/>
    <transformation name='sweethome3d_hinge_1' matrix='-0.044181034 0 -1.1666288 -0.3959095 0 1 0 0 0.8554975 0 -0.044181034 0.38136864'/>
  </doorOrWindow>
  <pieceOfFurniture level='level-01559497-194a-4418-adef-c4e4c3496ae6' catalogId='eTeks#railing' name='Railing' creator='eTeks' model='26' x='83.4554' y='92.81848' elevation='10.0' width='94.4' depth='5.0' depthInPlan='5.000002' height='90.0' color='FF2B1600' modelSize='6781' movable='false'/>
  <pieceOfFurniture level='level-01559497-194a-4418-adef-c4e4c3496ae6' catalogId='eTeks#table' name='Table' creator='eTeks' model='28' x='291.40204' y='489.07355' angle='4.712389' width='130.0' depth='74.0' height='74.0' modelSize='5486'>
    <material name='black'>
      <texture name='LightWood' width='20.0' height='13.3203125' image='29'/>
    </material>
    <material name='lighttannew' shininess='0.4921875'>
      <texture name='CedarWood' width='20.0' height='13.3203125' image='30'/>
    </material>
  </pieceOfFurniture>
  <pieceOfFurniture level='level-01559497-194a-4418-adef-c4e4c3496ae6' catalogId='eTeks#toiletUnit' name='Toilet unit' creator='eTeks' model='32' x='450.00287' y='772.2301' angle='1.5707964' width='38.0' depth='60.0' height='99.5' modelSize='125874' movable='false'/>
  <pieceOfFurniture level='level-01559497-194a-4418-adef-c4e4c3496ae6' catalogId='eTeks#chair' name='Chair' creator='eTeks' model='34' x='257.17474' y='460.4655' angle='4.712389' width='40.0' depth='42.0' height='90.0' modelSize='3025'>
    <material name='amber'>
      <texture name='CedarWood' width='20.0' height='13.3203125' scale='2.0' image='30'/>
    </material>
  </pieceOfFurniture>
  <pieceOfFurniture level='level-01559497-194a-4418-adef-c4e4c3496ae6' catalogId='eTeks#hood' name='Hood' creator='eTeks' model='36' x='62.555405' y='325.1355' elevation='186.0' angle='4.712389' width='60.0' depth='52.600002' height='65.0' heightInPlan='65.00004' modelSize='10536'>
    <material name='dkdkgrey' color='FFC2C2C2' shininess='1.0'/>
    <material name='dkgrey' color='FFC2C2C2' shininess='1.0'/>
  </pieceOfFurniture>
  <pieceOfFurniture level='level-01559497-194a-4418-adef-c4e4c3496ae6' catalogId='eTeks#sofa2' name='Sofa' creator='eTeks' model='38' x='281.14862' y='808.35425' angle='1.5707964' width='185.0' depth='90.0' height='88.0' modelSize='55383'>
    <material name='flgrey' color='FF000B0B'/>
  </pieceOfFurniture>
  <pieceOfFurniture level='level-01559497-194a-4418-adef-c4e4c3496ae6' catalogId='eTeks#coffeeTable' name='Coffee table' creator='eTeks' model='40' x='187.58063' y='813.6699' angle='1.5707964' width='125.0' depth='46.0' height='40.0' modelSize='9814'/>
  <pieceOfFurniture level='level-01559497-194a-4418-adef-c4e4c3496ae6' catalogId='eTeks#bookcase' name='Bookcase' creator='eTeks' model='42' x='165.07144' y='1178.2155' angle='1.5707964' width='100.0' depth='40.0' height='211.0' modelSize='3516'>
    <material name='flbrown' color='FFFFC98A' shininess='0.5234375'/>
  </pieceOfFurniture>
  <light level='level-01559497-194a-4418-adef-c4e4c3496ae6' catalogId='eTeks#floorUplight' name='Floor uplight' creator='eTeks' model='44' x='851.0001' y='166.25012' width='33.0' depth='33.0' height='181.0' modelSize='19627'/>
  <pieceOfFurniture level='level-01559497-194a-4418-adef-c4e4c3496ae6' catalogId='eTeks#chest' name='Chest' creator='eTeks' model='46' x='847.0344' y='455.60925' angle='1.5707964' width='89.0' depth='48.95' depthInPlan='48.950005' height='71.2' modelSize='52875'/>
  <light level='level-01559497-194a-4418-adef-c4e4c3496ae6' catalogId='eTeks#incandescentLightSource' name='Incandescent light source' creator='eTeks' model='48' x='692.97595' y='364.67236' elevation='244.0' width='10.0' depth='10.0' height='10.0' modelSize='1286' horizontallyRotatable='false' deformable='false' texturable='false'/>
  <pieceOfFurniture level='level-01559497-194a-4418-adef-c4e4c3496ae6' name='bedWithTexture' model='51/bedWithTexture.obj' x='774.25616' y='312.52686' angle='1.5707964' width='193.0' depth='194.50636' depthInPlan='194.5064' height='65.73464' modelSize='2024020'>
    <material name='coverlet'>
      <texture name='ffb0494741b3db8df397dca251226ccb' width='405.0' height='276.85547' image='52'/>
    </material>
  </pieceOfFurniture>
  <doorOrWindow level='level-01559497-194a-4418-adef-c4e4c3496ae6' catalogId='eTeks#doubleFrenchWindow126x200' name='Double French window' creator='eTeks' model='4' x='830.94116' y='814.0987' elevation='93.5' angle='4.712389' width='139.0' depth='10.200749' height='150.5' modelSize='13346' movable='false' cutOutShape='M0,0 v1 h1 v-1 z' wallCutOutOnBothSides='true'/>
  <light level='level-01559497-194a-4418-adef-c4e4c3496ae6' catalogId='eTeks#incandescentLightSource' name='Incandescent light source' creator='eTeks' model='48' x='216.8227' y='762.2568' elevation='244.0' width='10.0' depth='10.0' height='10.0' modelSize='1286' horizontallyRotatable='false' deformable='false' texturable='false'/>
  <light level='level-01559497-194a-4418-adef-c4e4c3496ae6' catalogId='eTeks#incandescentLightSource' name='Incandescent light source' creator='eTeks' model='48' x='438.77246' y='384.37915' elevation='244.0' width='10.0' depth='10.0' height='10.0' modelSize='1286' horizontallyRotatable='false' deformable='false' texturable='false'/>
  <light level='level-01559497-194a-4418-adef-c4e4c3496ae6' catalogId='eTeks#incandescentLightSource' name='Incandescent light source' creator='eTeks' model='48' x='402.48322' y='778.5901' elevation='244.0' width='10.0' depth='10.0' height='10.0' modelSize='1286' horizontallyRotatable='false' deformable='false' texturable='false'/>
  <light level='level-01559497-194a-4418-adef-c4e4c3496ae6' catalogId='eTeks#incandescentLightSource' name='Incandescent light source' creator='eTeks' model='48' x='637.14404' y='782.3426' elevation='244.0' width='10.0' depth='10.0' height='10.0' modelSize='1286' horizontallyRotatable='false' deformable='false' texturable='false'/>
  <light level='level-01559497-194a-4418-adef-c4e4c3496ae6' catalogId='eTeks#incandescentLightSource' name='Incandescent light source' creator='eTeks' model='48' x='775.1737' y='577.04663' elevation='244.0' width='10.0' depth='10.0' height='10.0' modelSize='1286' horizontallyRotatable='false' deformable='false' texturable='false'/>
  <pieceOfFurniture level='level-01559497-194a-4418-adef-c4e4c3496ae6' name='shower11' model='54/Shower%20cabin%20ravak%20Glassline%20N040113.3DS' x='387.83075' y='861.57263' angle='3.1415927' width='107.0' widthInPlan='107.00003' depth='82.0' height='224.5' modelSize='900334'>
    <material name='chrome08 210' color='FFDDDDDD' shininess='0.7890625'/>
  </pieceOfFurniture>
  <pieceOfFurniture level='level-01559497-194a-4418-adef-c4e4c3496ae6' name='shower11' model='54/Shower%20cabin%20ravak%20Glassline%20N040113.3DS' x='884.33374' y='562.1372' angle='1.5707964' width='90.0' widthInPlan='90.00002' depth='66.5' height='224.5' modelSize='900334'>
    <material name='chrome08 210' color='FFDDDDDD' shininess='0.7890625'/>
  </pieceOfFurniture>
  <pieceOfFurniture level='level-01559497-194a-4418-adef-c4e4c3496ae6' name='washbasin11' model='56/Wash-basin%201.3DS' x='458.75287' y='700.4365' width='42.5' depth='92.5' height='125.0' heightInPlan='124.999985' modelSize='8713979'/>
  <pieceOfFurniture level='level-01559497-194a-4418-adef-c4e4c3496ae6' catalogId='eTeks#toiletUnit' name='Toilet unit' creator='eTeks' model='32' x='792.5831' y='616.23096' angle='3.1415927' width='38.0' depth='60.0' height='99.5' modelSize='125874' movable='false'/>
  <pieceOfFurniture level='level-01559497-194a-4418-adef-c4e4c3496ae6' name='mirror12' model='58/Mirror.3DS' x='480.33945' y='700.5111' elevation='128.0' angle='1.5707964' width='93.4' widthInPlan='93.40003' depth='1.3837037' depthInPlan='1.383703' height='62.266666' heightInPlan='62.266663' modelSize='649357'>
    <material name='Material #9' color='FFF8F8F8' shininess='1.0'/>
  </pieceOfFurniture>
  <pieceOfFurniture level='level-01559497-194a-4418-adef-c4e4c3496ae6' name='mirror12' model='58/Mirror.3DS' x='725.03296' y='645.23096' elevation='135.0' angle='3.1415927' width='99.0' depth='2.0' depthInPlan='1.9999994' height='68.0' modelSize='649357'>
    <material name='Material #9' color='FFF8F8F8' shininess='1.0'/>
  </pieceOfFurniture>
  <pieceOfFurniture level='level-01559497-194a-4418-adef-c4e4c3496ae6' catalogId='eTeks#clothesWasher' name='Clothes washer' creator='eTeks' model='60' x='74.89322' y='244.11447' angle='4.712389' width='73.0' depth='71.0' height='99.0' modelSize='24815'>
    <material name='flwhite1' color='FF2E2E2E'/>
    <material name='white' color='FFD2D2D2' shininess='0.875'/>
  </pieceOfFurniture>
  <light level='level-01559497-194a-4418-adef-c4e4c3496ae6' catalogId='eTeks#halogenLightSource' name='Halogen light source' creator='eTeks' model='48' x='189.71625' y='466.07507' elevation='220.0' width='10.0' depth='10.0' height='10.0' modelSize='1286' horizontallyRotatable='false' deformable='false' texturable='false'/>
  <light level='level-01559497-194a-4418-adef-c4e4c3496ae6' catalogId='eTeks#incandescentLightSource' name='Incandescent light source' creator='eTeks' model='48' x='99.16669' y='1077.4082' elevation='244.0' width='10.0' depth='10.0' height='10.0' modelSize='1286' horizontallyRotatable='false' deformable='false' texturable='false'/>
  <pieceOfFurniture level='level-01559497-194a-4418-adef-c4e4c3496ae6' catalogId='eTeks#chest' name='Chest' creator='eTeks' model='46' x='166.07144' y='1080.7155' angle='1.5707964' width='95.0' depth='38.0' height='80.0' modelSize='52875'/>
  <pieceOfFurniture level='level-01559497-194a-4418-adef-c4e4c3496ae6' catalogId='eTeks#dishwasher' name='Dishwasher' creator='eTeks' model='63' x='67.7554' y='517.93054' angle='4.712389' width='48.0' depth='63.0' height='84.0' modelSize='7169'/>
  <pieceOfFurniture level='level-01559497-194a-4418-adef-c4e4c3496ae6' catalogId='eTeks#bed140x190' name='Bed 140x190' creator='eTeks' model='8' x='775.8412' y='808.17224' width='100.0' widthInPlan='100.00002' depth='180.0' depthInPlan='179.99998' height='70.0' modelSize='11797'>
    <material name='flyellow' color='FFA85B00'/>
  </pieceOfFurniture>
  <pieceOfFurniture level='level-01559497-194a-4418-adef-c4e4c3496ae6' name='cookingPlate' model='65/cookingPlate.obj' x='69.14752' y='340.7505' elevation='109.0' angle='4.712389' width='56.0' depth='30.0' height='3.0000076' heightInPlan='3.0000093' modelSize='73759'/>
  <pieceOfFurniture level='level-01559497-194a-4418-adef-c4e4c3496ae6' name='cabinet' model='67/cabinet.obj' x='67.25541' y='333.93054' angle='4.712389' width='80.0' depth='62.0' height='108.0' modelSize='6487'/>
  <pieceOfFurniture level='level-01559497-194a-4418-adef-c4e4c3496ae6' name='Drawers' model='69/drawers.obj' x='66.7554' y='567.1355' angle='4.712389' width='56.0' depth='61.0' height='108.0' modelSize='7652'>
    <material name='grey'>
      <texture name='LightWood' width='20.0' height='13.3203125' image='29'/>
    </material>
  </pieceOfFurniture>
  <doorOrWindow level='level-01559497-194a-4418-adef-c4e4c3496ae6' catalogId='eTeks#fixedWindow85x123' name='Fixed window' creator='eTeks' model='24' x='875.2594' y='287.94116' elevation='80.0' angle='1.5707964' width='72.0' depth='7.50075' height='128.0' modelSize='2198' movable='false' cutOutShape='M0,0 v1 h1 v-1 z' wallCutOutOnBothSides='true'/>
  <doorOrWindow level='level-01559497-194a-4418-adef-c4e4c3496ae6' catalogId='eTeks#fixedWindow85x123' name='Fixed window' creator='eTeks' model='24' x='875.2594' y='359.94116' elevation='80.0' angle='1.5707964' width='72.0' depth='7.50075' height='128.0' modelSize='2198' movable='false' cutOutShape='M0,0 v1 h1 v-1 z' wallCutOutOnBothSides='true'/>
  <doorOrWindow level='level-01559497-194a-4418-adef-c4e4c3496ae6' catalogId='eTeks#fixedWindow85x123' name='Fixed window' creator='eTeks' model='24' x='780.4774' y='141.45775' elevation='80.0' width='72.0' depth='7.50075' height='128.0' modelSize='2198' movable='false' cutOutShape='M0,0 v1 h1 v-1 z' wallCutOutOnBothSides='true'/>
  <pieceOfFurniture level='level-01559497-194a-4418-adef-c4e4c3496ae6' catalogId='eTeks#railing' name='Railing' creator='eTeks' model='26' x='181.55563' y='92.73354' elevation='10.0' width='94.4' depth='5.0' depthInPlan='5.000002' height='90.0' color='FF2B1600' modelSize='6781' movable='false'/>
  <pieceOfFurniture level='level-01559497-194a-4418-adef-c4e4c3496ae6' catalogId='eTeks#railing' name='Railing' creator='eTeks' model='26' x='279.01862' y='92.81848' elevation='10.0' width='94.4' depth='5.0' depthInPlan='5.000002' height='90.0' color='FF2B1600' modelSize='6781' movable='false'/>
  <pieceOfFurniture level='level-01559497-194a-4418-adef-c4e4c3496ae6' catalogId='eTeks#kitchenUpperCabinet' name='Kitchen upper cabinet' creator='eTeks' model='71' x='56.305405' y='625.1355' elevation='182.0' angle='4.712389' width='60.0' depth='40.100002' height='66.0' modelSize='11850'>
    <material name='white' shininess='0.0'>
      <texture name='CedarWood' width='20.0' height='13.3203125' image='30'/>
    </material>
  </pieceOfFurniture>
  <pieceOfFurniture level='level-01559497-194a-4418-adef-c4e4c3496ae6' catalogId='eTeks#kitchenUpperCabinet' name='Kitchen upper cabinet' creator='eTeks' model='71' x='56.305405' y='565.1355' elevation='182.0' angle='4.712389' width='60.0' depth='40.100002' height='66.0' modelSize='11850'>
    <material name='white' shininess='0.0'>
      <texture name='CedarWood' width='20.0' height='13.3203125' image='30'/>
    </material>
  </pieceOfFurniture>
  <pieceOfFurniture level='level-01559497-194a-4418-adef-c4e4c3496ae6' catalogId='eTeks#kitchenUpperCabinet' name='Kitchen upper cabinet' creator='eTeks' model='71' x='56.305405' y='505.1355' elevation='182.0' angle='4.712389' width='60.0' depth='40.100002' height='66.0' modelSize='11850'>
    <material name='white' shininess='0.0'>
      <texture name='CedarWood' width='20.0' height='13.3203125' image='30'/>
    </material>
  </pieceOfFurniture>
  <pieceOfFurniture level='level-01559497-194a-4418-adef-c4e4c3496ae6' catalogId='eTeks#kitchenUpperCabinet' name='Kitchen upper cabinet' creator='eTeks' model='71' x='56.305405' y='445.1355' elevation='182.0' angle='4.712389' width='60.0' depth='40.100002' height='66.0' modelSize='11850'>
    <material name='white' shininess='0.0'>
      <texture name='CedarWood' width='20.0' height='13.3203125' image='30'/>
    </material>
  </pieceOfFurniture>
  <pieceOfFurniture level='level-01559497-194a-4418-adef-c4e4c3496ae6' catalogId='eTeks#kitchenUpperCabinet' name='Kitchen upper cabinet' creator='eTeks' model='71' x='56.305405' y='385.1355' elevation='182.0' angle='4.712389' width='60.0' depth='40.100002' height='66.0' modelSize='11850'>
    <material name='white' shininess='0.0'>
      <texture name='CedarWood' width='20.0' height='13.3203125' image='30'/>
    </material>
  </pieceOfFurniture>
  <pieceOfFurniture level='level-01559497-194a-4418-adef-c4e4c3496ae6' catalogId='eTeks#chair' name='Chair' creator='eTeks' model='34' x='257.373' y='515.6685' angle='4.712389' width='40.0' depth='42.0' height='90.0' modelSize='3025'>
    <material name='amber'>
      <texture name='CedarWood' width='20.0' height='13.3203125' scale='2.0' image='30'/>
    </material>
  </pieceOfFurniture>
  <pieceOfFurniture level='level-01559497-194a-4418-adef-c4e4c3496ae6' name='Drawers' model='69/drawers.obj' x='66.7554' y='517.43054' angle='4.712389' width='47.0' depth='61.0' height='108.0' modelSize='7652'>
    <material name='grey'>
      <texture name='LightWood' width='20.0' height='13.3203125' image='29'/>
    </material>
  </pieceOfFurniture>
  <doorOrWindow level='level-01559497-194a-4418-adef-c4e4c3496ae6' catalogId='eTeks#fixedWindow85x123' name='Fixed window' creator='eTeks' model='24' x='875.2594' y='196.98633' elevation='80.0' angle='1.5707964' width='72.0' depth='7.50075' height='128.0' modelSize='2198' movable='false' cutOutShape='M0,0 v1 h1 v-1 z' wallCutOutOnBothSides='true'/>
  <doorOrWindow level='level-01559497-194a-4418-adef-c4e4c3496ae6' catalogId='eTeks#fixedWindow85x123' name='Fixed window' creator='eTeks' model='24' x='875.2594' y='449.61' elevation='80.0' angle='4.712389' width='79.0' depth='7.50075' depthInPlan='7.5007505' height='128.0' modelSize='2198' movable='false' cutOutShape='M0,0 v1 h1 v-1 z' wallCutOutOnBothSides='true'/>
  <pieceOfFurniture level='level-01559497-194a-4418-adef-c4e4c3496ae6' name='washbasin11' model='56/Wash-basin%201.3DS' x='721.78296' y='624.98096' angle='1.5707964' width='42.5' depth='92.5' height='125.0' heightInPlan='124.999985' modelSize='8713979'/>
  <wall id='wall-16df6e5d-3a46-436f-9f1f-fc2fad85b20f' level='level-01559497-194a-4418-adef-c4e4c3496ae6' xStart='32.505554' yStart='288.42963' xEnd='330.96863' yEnd='288.42963' height='250.0' thickness='7.5' pattern='hatchUp' leftSideColor='FFF9FFFF' leftSideShininess='0.25' rightSideColor='FFF9FFFF' rightSideShininess='0.25'/>
  <wall id='wall-9949db24-08a6-418d-a00f-dbf9a7137074' level='level-01559497-194a-4418-adef-c4e4c3496ae6' wallAtEnd='wall-5fb90b47-5893-4d7d-875f-7b89154ae8eb' xStart='188.82144' yStart='1231.9655' xEnd='188.82147' yEnd='906.32263' height='250.0' thickness='7.5' pattern='hatchUp' leftSideColor='FFF9FFFF' leftSideShininess='0.25' rightSideColor='FFF9FFFF' rightSideShininess='0.25'/>
  <wall id='wall-abcb893a-82ce-4034-856d-73a3a9f59b12' level='level-01559497-194a-4418-adef-c4e4c3496ae6' xStart='329.89862' yStart='905.7106' xEnd='329.89862' yEnd='645.7106' height='250.0' thickness='7.5' pattern='hatchUp' leftSideColor='FFF9FFFF' leftSideShininess='0.25' rightSideColor='FFF9FFFF' rightSideShininess='0.25'/>
  <wall id='wall-02475093-0c5d-444b-b5f6-cfc15299fafb' level='level-01559497-194a-4418-adef-c4e4c3496ae6' xStart='330.96863' yStart='649.98096' xEnd='829.5912' yEnd='649.98096' height='250.0' thickness='7.5' pattern='hatchUp' leftSideColor='FFF9FFFF' leftSideShininess='0.25' rightSideColor='FFF9FFFF' rightSideShininess='0.25'/>
  <wall id='wall-b15358fd-e6af-4684-ae65-befc4ba95529' level='level-01559497-194a-4418-adef-c4e4c3496ae6' wallAtEnd='wall-7abe4298-3ff3-4773-b720-5f300e82725d' xStart='484.7813' yStart='812.9139' xEnd='445.62555' yEnd='812.9139' height='250.0' thickness='7.5' pattern='hatchUp' leftSideColor='FFF9FFFF' leftSideShininess='0.25' rightSideColor='FFF9FFFF' rightSideShininess='0.25'/>
  <wall id='wall-7abe4298-3ff3-4773-b720-5f300e82725d' level='level-01559497-194a-4418-adef-c4e4c3496ae6' wallAtStart='wall-b15358fd-e6af-4684-ae65-befc4ba95529' xStart='445.62555' yStart='812.9139' xEnd='445.62555' yEnd='906.32263' height='250.0' thickness='7.5' pattern='hatchUp' leftSideColor='FFF9FFFF' leftSideShininess='0.25' rightSideColor='FFF9FFFF' rightSideShininess='0.25'/>
  <wall id='wall-129c517a-2ead-45fc-9046-0d53e2cb3513' level='level-01559497-194a-4418-adef-c4e4c3496ae6' xStart='542.40283' yStart='554.40125' xEnd='542.40283' yEnd='141.45775' height='250.0' thickness='7.5' pattern='hatchUp' leftSideColor='FFF9FFFF' leftSideShininess='0.25' rightSideColor='FFF9FFFF' rightSideShininess='0.25'/>
  <wall id='wall-0e6ce14d-6065-49f8-8168-76428f0450f0' level='level-01559497-194a-4418-adef-c4e4c3496ae6' xStart='330.96863' yStart='141.45775' xEnd='878.9686' yEnd='141.45775' height='250.0' thickness='7.5' pattern='hatchUp' leftSideColor='FFF9FFFF' leftSideShininess='0.25' rightSideColor='FFF9FFFF' rightSideShininess='0.25'/>
  <wall id='wall-3998a9ba-2a4b-47a9-8d8d-54aa1bdcff37' level='level-01559497-194a-4418-adef-c4e4c3496ae6' xStart='829.5912' yStart='611.58813' xEnd='928.5912' yEnd='611.58813' height='250.0' thickness='7.5' pattern='hatchUp' leftSideColor='FFF9FFFF' leftSideShininess='0.25' rightSideColor='FFF9FFFF' rightSideShininess='0.25'/>
  <wall id='wall-4ef7cb21-8ff0-40f4-9efe-7c1bdba5e23a' level='level-01559497-194a-4418-adef-c4e4c3496ae6' xStart='671.78296' yStart='649.98096' xEnd='671.78296' yEnd='500.98096' height='250.0' thickness='7.5' pattern='hatchUp' leftSideColor='FFF9FFFF' leftSideShininess='0.25' rightSideColor='FFF9FFFF' rightSideShininess='0.25'/>
  <wall id='wall-28e6617f-67b8-41af-8c56-fd7ad15a7c17' level='level-01559497-194a-4418-adef-c4e4c3496ae6' xStart='671.78296' yStart='505.0515' xEnd='921.3341' yEnd='505.0515' height='250.0' thickness='7.5' pattern='hatchUp' leftSideColor='FFF9FFFF' leftSideShininess='0.25' rightSideColor='FFF9FFFF' rightSideShininess='0.25'/>
  <wall id='wall-9072daac-01e5-42de-9544-77927ffe86a7' level='level-01559497-194a-4418-adef-c4e4c3496ae6' xStart='875.2594' yStart='504.95776' xEnd='875.2594' yEnd='141.45775' height='250.0' thickness='7.5' pattern='hatchUp' leftSideColor='FFF9FFFF' leftSideShininess='0.25' rightSideColor='FFF9FFFF' rightSideShininess='0.25'/>
  <wall id='wall-7bf64041-5a17-49b9-a8ff-1942b3e6e04e' level='level-01559497-194a-4418-adef-c4e4c3496ae6' xStart='921.3341' yStart='500.98096' xEnd='921.3341' yEnd='612.9695' height='250.0' thickness='7.5' pattern='hatchUp' leftSideColor='FFF9FFFF' leftSideShininess='0.25' rightSideColor='FFF9FFFF' rightSideShininess='0.25'/>
  <wall id='wall-5fb90b47-5893-4d7d-875f-7b89154ae8eb' level='level-01559497-194a-4418-adef-c4e4c3496ae6' wallAtStart='wall-9949db24-08a6-418d-a00f-dbf9a7137074' xStart='188.82147' yStart='906.32263' xEnd='839.8215' yEnd='906.32263' height='250.0' thickness='7.5' pattern='hatchUp' leftSideColor='FFF9FFFF' leftSideShininess='0.25' rightSideColor='FFF9FFFF' rightSideShininess='0.25'/>
  <wall id='wall-bd66ba17-8e9f-4d56-80ef-048415b3a4f0' level='level-01559497-194a-4418-adef-c4e4c3496ae6' xStart='332.15204' yStart='295.97632' xEnd='332.15204' yEnd='558.1531' height='250.0' thickness='7.5' pattern='hatchUp' leftSideColor='FFF9FFFF' leftSideShininess='0.25' rightSideColor='FFF9FFFF' rightSideShininess='0.25'/>
  <wall id='wall-96c89be6-e150-4598-a34b-58ee5846aaae' level='level-01559497-194a-4418-adef-c4e4c3496ae6' xStart='332.15204' yStart='554.40125' xEnd='581.3237' yEnd='554.40125' height='250.0' thickness='7.5' pattern='hatchUp' leftSideColor='FFF9FFFF' leftSideShininess='0.25' rightSideColor='FFF9FFFF' rightSideShininess='0.25'/>
  <wall id='wall-7810aa96-124b-43f9-acfe-f7c5a3fa7fbf' level='level-01559497-194a-4418-adef-c4e4c3496ae6' wallAtEnd='wall-b05cabbd-c01a-4317-89e0-2c5d4f6910f8' xStart='198.0054' yStart='1231.9655' xEnd='32.5054' yEnd='1231.9655' height='250.0' thickness='7.5' pattern='hatchUp' leftSideColor='FFF9FFFF' leftSideShininess='0.25' rightSideColor='FFF9FFFF' rightSideShininess='0.25'/>
  <wall id='wall-b05cabbd-c01a-4317-89e0-2c5d4f6910f8' level='level-01559497-194a-4418-adef-c4e4c3496ae6' wallAtStart='wall-7810aa96-124b-43f9-acfe-f7c5a3fa7fbf' xStart='32.5054' yStart='1231.9655' xEnd='32.5054' yEnd='89.965454' height='250.0' thickness='7.5' pattern='hatchUp' leftSideColor='FFF9FFFF' leftSideShininess='0.25' rightSideColor='FFF9FFFF' rightSideShininess='0.25'/>
  <wall id='wall-2b9da086-6e08-419c-84f9-dc904a1aff5e' level='level-01559497-194a-4418-adef-c4e4c3496ae6' xStart='330.96863' yStart='89.965454' xEnd='330.96863' yEnd='295.97632' height='250.0' thickness='9.5' pattern='hatchUp' leftSideColor='FFF9FFFF' leftSideShininess='0.25' rightSideColor='FFF9FFFF' rightSideShininess='0.25'/>
  <wall id='wall-03b0cd47-de44-4a71-813f-45b4e0301206' level='level-01559497-194a-4418-adef-c4e4c3496ae6' xStart='484.7813' yStart='906.32263' xEnd='484.7813' yEnd='649.98096' height='250.0' thickness='7.5' pattern='hatchUp' leftSideColor='FFF9FFFF' leftSideShininess='0.25' rightSideColor='FFF9FFFF' rightSideShininess='0.25'/>
  <wall id='wall-6948720e-2f13-4354-8787-f737b006bea5' level='level-01559497-194a-4418-adef-c4e4c3496ae6' xStart='829.5912' yStart='905.7106' xEnd='829.5912' yEnd='607.7106' height='250.0' thickness='7.5' pattern='hatchUp' leftSideColor='FFF9FFFF' leftSideShininess='0.25' rightSideColor='FFF9FFFF' rightSideShininess='0.25'/>
  <wall id='wall-ae4f2077-5e7a-4b6f-afbf-151e514f35ee' level='level-01559497-194a-4418-adef-c4e4c3496ae6' xStart='576.9275' yStart='554.40125' xEnd='576.9275' yEnd='649.98096' height='250.0' thickness='7.5' pattern='hatchUp' leftSideColor='FFF9FFFF' leftSideShininess='0.25' rightSideColor='FFF9FFFF' rightSideShininess='0.25'/>
  <room id='room-be0b90dd-c7f2-4993-bb0b-eb5c3201c358' level='level-01559497-194a-4418-adef-c4e4c3496ae6' areaVisible='true' areaXOffset='-120.849625' areaYOffset='-40.52368' ceilingVisible='false' ceilingColor='FFFFF8DA'>
    <texture attribute='floorTexture' name='LightWood' width='20.0' height='13.3203125' scale='2.8' image='29'/>
    <point x='36.25536' y='294.87622'/>
    <point x='328.40204' y='294.87622'/>
    <point x='328.40204' y='557.053'/>
    <point x='581.3237' y='557.05115'/>
    <point x='581.3237' y='644.6105'/>
    <point x='326.14862' y='644.6105'/>
    <point x='326.14862' y='901.47253'/>
    <point x='185.07147' y='901.47253'/>
    <point x='185.07144' y='1227.1154'/>
    <point x='36.2554' y='1227.1154'/>
    <point x='36.255386' y='871.578'/>
  </room>
  <room id='room-b49d58a6-e851-40c6-9407-94f97d454e8a' level='level-01559497-194a-4418-adef-c4e4c3496ae6' areaVisible='true' areaXOffset='-8.501648' areaYOffset='-27.310913' ceilingVisible='false' ceilingColor='FFFFF8DA'>
    <texture attribute='floorTexture' name='Grey tiles' creator='eTeks' catalogId='eTeks#greyTile' width='31.5' height='31.5' image='72'/>
    <point x='333.64862' y='653.73096'/>
    <point x='333.64862' y='902.57263'/>
    <point x='441.87555' y='902.57263'/>
    <point x='441.87555' y='809.1639'/>
    <point x='480.00287' y='809.1639'/>
    <point x='480.00287' y='653.73096'/>
  </room>
  <room id='room-678d89b2-45fa-41e8-833f-69e4d76d3877' level='level-01559497-194a-4418-adef-c4e4c3496ae6' areaVisible='true' areaXOffset='-45.02014' areaYOffset='10.129517' ceilingVisible='false' ceilingColor='FFFFF8DA'>
    <texture attribute='floorTexture' name='LightWood' width='20.0' height='13.3203125' scale='1.5' image='29'/>
    <point x='488.5313' y='653.73096'/>
    <point x='488.5313' y='902.57263'/>
    <point x='825.8412' y='902.57263'/>
    <point x='825.8412' y='653.73096'/>
  </room>
  <room id='room-56e2c9e7-edb5-47c9-8092-bbd0005755e0' level='level-01559497-194a-4418-adef-c4e4c3496ae6' areaVisible='true' areaXOffset='-21.384583' areaYOffset='-33.765137' ceilingVisible='false' ceilingColor='FFFFF8DA'>
    <texture attribute='floorTexture' name='Grey tiles' creator='eTeks' catalogId='eTeks#greyTile' width='31.5' height='31.5' image='72'/>
    <point x='675.53296' y='508.8015'/>
    <point x='917.5841' y='508.8015'/>
    <point x='917.5841' y='607.83813'/>
    <point x='825.8412' y='607.7106'/>
    <point x='825.8412' y='646.23096'/>
    <point x='675.53296' y='646.23096'/>
  </room>
  <room id='room-f62a8383-ad7a-4a6b-96ac-1eef84f5d9e8' level='level-01559497-194a-4418-adef-c4e4c3496ae6' areaVisible='true' areaXOffset='5.6275635' areaYOffset='64.15375' ceilingVisible='false' ceilingColor='FFFFF8DA'>
    <texture attribute='floorTexture' name='LightWood' width='20.0' height='13.3203125' scale='1.5' image='29'/>
    <point x='871.5094' y='145.20775'/>
    <point x='546.15283' y='145.20775'/>
    <point x='546.15283' y='550.65125'/>
    <point x='581.3237' y='550.65125'/>
    <point x='581.3237' y='645.7106'/>
    <point x='668.03296' y='646.23096'/>
    <point x='668.03296' y='500.98096'/>
    <point x='871.5094' y='501.3015'/>
  </room>
  <room id='room-2fe554d7-8c64-4519-9ce4-c348c2794dd0' level='level-01559497-194a-4418-adef-c4e4c3496ae6' areaVisible='true' areaXOffset='-35.173645' areaYOffset='-6.8014526' ceilingVisible='false' ceilingColor='FFFFF8DA'>
    <texture attribute='floorTexture' name='LightWood' width='20.0' height='13.3203125' image='29'/>
    <point x='538.65283' y='145.20776'/>
    <point x='335.71863' y='145.20775'/>
    <point x='335.90204' y='550.65125'/>
    <point x='538.65283' y='550.65125'/>
  </room>
  <room id='room-b2dab691-0f60-4443-927e-f40650684e16' level='level-01559497-194a-4418-adef-c4e4c3496ae6' name='' nameXOffset='-4.502014' nameYOffset='-38.87451' areaVisible='true' areaXOffset='-3.0517578E-5' areaYOffset='-7.87854' floorShininess='0.25' ceilingVisible='false'>
    <texture attribute='floorTexture' name='rock-black' width='200.0' height='300.29327' image='73'/>
    <point x='36.29779' y='90.033936'/>
    <point x='36.297783' y='284.57953'/>
    <point x='326.21863' y='284.57953'/>
    <point x='326.44666' y='90.033936'/>
  </room>
</home>