<?xml version='1.0'?>
<home version='6500' exportFlags='17' name='house1.sh3d' camera='observerCamera' selectedLevel='level-01559497-194a-4418-adef-c4e4c3496ae6' wallHeight='250.0'>
  <environment groundColor='00A8A8A8' skyColor='00CCE4FC' lightColor='00878787'>
    <observerCamera attribute='cameraPath' id='observerCamera-92a9b4c0-d635-438a-a8b3-ec4e89c90db5' lens='PINHOLE' x='17.263176' y='89.53889' z='167.32318' yaw='9.749026' pitch='0.41079572' fieldOfView='1.0995575' time='1599393600000'/>
    <observerCamera attribute='cameraPath' id='observerCamera-330b2ae1-1c65-4de2-95e2-44d17abe8c41' lens='PINHOLE' x='56.18627' y='-60.631992' z='167.32318' yaw='9.479022' pitch='0.32579577' fieldOfView='1.0995575' time='1599393600000'/>
    <observerCamera attribute='cameraPath' id='observerCamera-f2ca953b-fd37-46f3-aa86-d278d8c9b42c' lens='PINHOLE' x='75.424225' y='-273.08035' z='167.32318' yaw='9.799024' pitch='0.42079574' fieldOfView='1.0995575' time='1599393600000'/>
    <observerCamera attribute='cameraPath' id='observerCamera-674db27d-ddad-4481-aa90-19c32a21997c' lens='PINHOLE' x='177.9376' y='-619.3845' z='167.32318' yaw='8.939022' pitch='0.3107957' fieldOfView='1.0995575' time='1599393600000'/>
    <observerCamera attribute='cameraPath' id='observerCamera-4cb7b32e-0b33-420c-bf87-d9083a95b74f' lens='PINHOLE' x='118.64018' y='-842.7669' z='167.32318' yaw='12.924027' pitch='0.3007956' fieldOfView='1.0995575' time='1599393600000'/>
    <observerCamera attribute='cameraPath' id='observerCamera-c703d4a0-f32f-47c0-9972-a92c0cc259fb' lens='PINHOLE' x='118.64018' y='-842.7669' z='167.32318' yaw='11.974027' pitch='0.3757956' fieldOfView='1.0995575' time='1599393600000'/>
    <observerCamera attribute='cameraPath' id='observerCamera-16eacce4-a2f1-4d5f-ba06-62453c981e3b' lens='PINHOLE' x='276.7892' y='-622.13904' z='167.32318' yaw='11.811384' pitch='0.45579553' fieldOfView='1.0995575' time='1599393600000'/>
    <observerCamera attribute='cameraPath' id='observerCamera-533eab0d-cc8e-4b6b-8400-a3b3d39dfbd2' lens='PINHOLE' x='315.65115' y='-625.41846' z='167.32318' yaw='9.921385' pitch='0.47079542' fieldOfView='1.0995575' time='1599393600000'/>
    <observerCamera attribute='cameraPath' id='observerCamera-b1d9482d-1435-424f-b2ad-1ec1baf1b9e9' lens='PINHOLE' x='416.8858' y='-601.59485' z='167.32318' yaw='11.496386' pitch='0.3507955' fieldOfView='1.0995575' time='1599393600000'/>
    <observerCamera attribute='cameraPath' id='observerCamera-31fc25e1-cd5c-49ed-b07d-36eb08662cf2' lens='PINHOLE' x='462.27173' y='-598.37555' z='167.32318' yaw='10.761384' pitch='0.28579557' fieldOfView='1.0995575' time='1599393600000'/>
    <observerCamera attribute='cameraPath' id='observerCamera-a6df61d2-f2b0-44b8-9917-bc8dbbb4c18a' lens='PINHOLE' x='552.143' y='-637.4103' z='167.32318' yaw='10.916385' pitch='0.35579577' fieldOfView='1.0995575' time='1599393600000'/>
    <observerCamera attribute='cameraPath' id='observerCamera-52ccb5ef-e865-4d5f-83fa-2b1799065f15' lens='PINHOLE' x='552.143' y='-637.4103' z='167.32318' yaw='9.446384' pitch='0.2607957' fieldOfView='1.0995575' time='1599393600000'/>
    <observerCamera attribute='cameraPath' id='observerCamera-2817523b-1bb9-432d-b128-5b9270b4a485' lens='PINHOLE' x='559.1651' y='-962.334' z='167.32318' yaw='11.141387' pitch='0.33079565' fieldOfView='1.0995575' time='1599393600000'/>
    <observerCamera attribute='cameraPath' id='observerCamera-926bce69-76ab-4e1d-b93c-0f84ecb1464e' lens='PINHOLE' x='559.1651' y='-962.334' z='167.32318' yaw='11.846388' pitch='0.34579566' fieldOfView='1.0995575' time='1599393600000'/>
    <observerCamera attribute='cameraPath' id='observerCamera-04528dbb-9c18-41a2-b175-02ca90a7eb96' lens='PINHOLE' x='774.25946' y='-1006.6947' z='167.32318' yaw='13.017518' pitch='0.25079578' fieldOfView='1.0995575' time='1599393600000'/>
  </environment>
  <observerCamera attribute='observerCamera' lens='PINHOLE' x='262.7446' y='-679.5245' z='167.32318' yaw='14.096043' pitch='0.20907457' fieldOfView='2.0943952' time='1599404400016'/>
  <camera attribute='topCamera' lens='PINHOLE' x='676.19055' y='-36.802673' z='587.59216' yaw='71.78673' pitch='0.6907975' fieldOfView='1.0995575' time='1599393600000'/>
  <level id='level-01559497-194a-4418-adef-c4e4c3496ae6' name='Level 0' elevation='0.0' floorThickness='12.0' height='250.0' elevationIndex='0'/>
  <doorOrWindow level='level-01559497-194a-4418-adef-c4e4c3496ae6' catalogId='eTeks#door' name='Door' creator='eTeks' model='1' x='57.324272' y='-7.4187813' angle='3.1415925' width='94.0' depth='14.53347' height='250.0' modelMirrored='true' modelSize='14086' movable='false' cutOutShape='M0,0 v1 h1 v-1 z' wallCutOutOnBothSides='true'>
    <material name='white' color='FF000000' shininess='0.1796875'/>
    <material name='yellowbrt' color='FF000000' shininess='0.7109375'/>
    <transformation name='sweethome3d_hinge_1' matrix='0.99986494 0 0.015214132 -4.8914464E-4 0 1 0 0 -0.017761357 0 0.9998649 -0.0072960504'/>
  </doorOrWindow>
  <doorOrWindow level='level-01559497-194a-4418-adef-c4e4c3496ae6' catalogId='eTeks#door' name='Door' creator='eTeks' model='1' x='329.50607' y='-514.1256' width='74.700005' widthInPlan='74.70003' depth='76.9922' depthInPlan='76.992195' height='249.04202' modelSize='14086' movable='false' cutOutShape='M0,0 v1 h1 v-1 z' wallCutOutOnBothSides='true' wallWidth='0.99883515' wallLeft='0.0011646455'>
    <material name='white' color='FFFFFDF4'/>
    <transformation name='sweethome3d_hinge_1' matrix='0.009008327 0 -1.1614856 -0.37419525 0 1 0 0 0.86089647 0 0.009008325 0.38207173'/>
  </doorOrWindow>
  <doorOrWindow level='level-01559497-194a-4418-adef-c4e4c3496ae6' catalogId='eTeks#doubleFrenchWindow126x200' name='Double French window' creator='eTeks' model='3' x='191.41245' y='-931.7957' elevation='11.0' angle='3.1415927' width='197.06384' depth='101.164' height='240.0' modelSize='13346' movable='false' cutOutShape='M0,0 v1 h1 v-1 z' wallCutOutOnBothSides='true' wallWidth='0.97430354' wallLeft='0.025696535'>
    <transformation name='sweethome3d_hinge_2' matrix='-0.034670435 0 0.19683914 0.86073124 0 1 0 0 -5.074184 0 -0.034670476 4.2271595'/>
    <transformation name='sweethome3d_hinge_1' matrix='-0.087936364 0 -0.19619453 -0.45965198 0 1 0 0 5.057568 0 -0.087936364 2.1428173'/>
  </doorOrWindow>
  <doorOrWindow level='level-01559497-194a-4418-adef-c4e4c3496ae6' catalogId='eTeks#doubleFrenchWindow126x200' name='Double French window' creator='eTeks' model='3' x='800.7616' y='-857.0674' elevation='93.5' angle='4.712389' width='139.0' depth='10.200749' height='150.5' modelSize='13346' movable='false' cutOutShape='M0,0 v1 h1 v-1 z' wallCutOutOnBothSides='true'/>
  <doorOrWindow level='level-01559497-194a-4418-adef-c4e4c3496ae6' catalogId='eTeks#doubleWindow126x163' name='Double window' creator='eTeks' model='5' x='645.3022' y='-1021.3399' elevation='71.5' angle='3.1415927' width='132.0' depth='10.200749' height='176.5' modelSize='13650' movable='false' cutOutShape='M0,0 v1 h1 v-1 z' wallCutOutOnBothSides='true'/>
  <doorOrWindow level='level-01559497-194a-4418-adef-c4e4c3496ae6' catalogId='eTeks#doubleWindow126x163' name='Double window' creator='eTeks' model='5' x='429.7025' y='-1021.3399' elevation='71.5' angle='3.1415927' width='102.5' depth='10.200749' height='176.5' modelSize='13650' movable='false' cutOutShape='M0,0 v1 h1 v-1 z' wallCutOutOnBothSides='true'/>
  <pieceOfFurniture level='level-01559497-194a-4418-adef-c4e4c3496ae6' catalogId='eTeks#bed140x190' name='Bed 140x190' creator='eTeks' model='8' x='431.79446' y='-926.2399' width='100.0' widthInPlan='100.00002' depth='180.0' depthInPlan='179.99998' height='70.0' modelSize='11797'>
    <material name='flyellow' color='FFA85B00'/>
  </pieceOfFurniture>
  <pieceOfFurniture level='level-01559497-194a-4418-adef-c4e4c3496ae6' catalogId='eTeks#wardrobe' name='Wardrobe' creator='eTeks' model='10' x='516.5445' y='-898.6495' angle='4.712389' width='235.5' depth='54.5' height='247.0' modelSize='23218'>
    <material name='white' shininess='0.125'>
      <texture name='wood12' width='200.0' height='100.0' image='11'/>
    </material>
  </pieceOfFurniture>
  <pieceOfFurniture level='level-01559497-194a-4418-adef-c4e4c3496ae6' catalogId='eTeks#dresser' name='Dresser' creator='eTeks' model='13' x='35.387177' y='-431.54596' angle='4.712389' width='170.0' depth='50.0' height='64.700005' modelSize='22106'/>
  <pieceOfFurniture level='level-01559497-194a-4418-adef-c4e4c3496ae6' catalogId='eTeks#plant' name='Plant' creator='eTeks' model='15' x='35.38716' y='-317.54596' angle='4.712389' width='58.0' depth='50.0' height='82.0' modelSize='113183'/>
  <pieceOfFurniture level='level-01559497-194a-4418-adef-c4e4c3496ae6' catalogId='eTeks#flatTV' name='Flat TV' creator='eTeks' model='17' x='25.387161' y='-426.2306' elevation='65.0' angle='4.712389' width='121.0' depth='30.0' height='79.3' modelSize='13041'/>
  <pieceOfFurniture level='level-01559497-194a-4418-adef-c4e4c3496ae6' catalogId='eTeks#sink' name='Sink' creator='eTeks' model='19' x='42.38716' y='-735.53235' angle='4.712389' width='120.0' depth='64.0' height='133.0' modelSize='41849' movable='false'>
    <material name='silver' color='FFE7E7E7' shininess='1.0'/>
    <material name='white' color='FF1C1C1C' shininess='0.1953125'/>
  </pieceOfFurniture>
  <pieceOfFurniture level='level-01559497-194a-4418-adef-c4e4c3496ae6' catalogId='eTeks#fridge' name='Fridge' creator='eTeks' model='21' x='43.38717' y='-540.6886' angle='4.712389' width='60.0' depth='66.0' height='182.0' modelSize='13397'>
    <material name='silver' color='FFD9D9D9' shininess='1.0'/>
    <material name='white' color='FFB3B3B3' shininess='0.5078125'/>
  </pieceOfFurniture>
  <doorOrWindow level='level-01559497-194a-4418-adef-c4e4c3496ae6' catalogId='eTeks#door' name='Door' creator='eTeks' model='1' x='328.4682' y='-670.4158' angle='3.1415925' width='79.55546' depth='79.46584' height='250.0' modelMirrored='true' modelSize='14086' movable='false' cutOutShape='M0,0 v1 h1 v-1 z' wallCutOutOnBothSides='true' wallWidth='0.95530844' wallLeft='0.044691328'>
    <material name='white'>
      <texture name='redwood' width='20.0' height='14.800001' image='22'/>
    </material>
    <transformation name='sweethome3d_hinge_1' matrix='-0.04279355 0 -1.2619181 -0.39262348 0 1 0 0 0.79099333 0 -0.04279355 0.35481787'/>
  </doorOrWindow>
  <doorOrWindow level='level-01559497-194a-4418-adef-c4e4c3496ae6' catalogId='eTeks#door' name='Door' creator='eTeks' model='1' x='470.18973' y='-514.8466' angle='1.7484555E-7' width='74.01137' depth='75.61293' height='250.0' modelSize='14086' movable='false' cutOutShape='M0,0 v1 h1 v-1 z' wallCutOutOnBothSides='true' wallWidth='0.986335' wallLeft='0.01366493'>
    <material name='white'>
      <texture name='redwood' width='20.0' height='14.800001' image='22'/>
    </material>
    <transformation name='sweethome3d_hinge_1' matrix='-0.0055424967 0 -1.1917461 -0.37931323 0 1 0 0 0.83907914 0 -0.0055424967 0.3735195'/>
  </doorOrWindow>
  <doorOrWindow level='level-01559497-194a-4418-adef-c4e4c3496ae6' catalogId='eTeks#fixedWindow85x123' name='Fixed window' creator='eTeks' model='24' x='839.536' y='-622.53436' elevation='87.0' angle='4.712389' width='63.3' widthInPlan='63.300003' depth='7.50075' height='162.90001' modelSize='2198' movable='false' cutOutShape='M0,0 v1 h1 v-1 z' wallCutOutOnBothSides='true'/>
  <doorOrWindow level='level-01559497-194a-4418-adef-c4e4c3496ae6' catalogId='eTeks#door' name='Door' creator='eTeks' model='1' x='551.9405' y='-591.0739' angle='4.712389' width='80.73074' depth='80.054825' height='250.0' modelSize='14086' movable='false' cutOutShape='M0,0 v1 h1 v-1 z' wallCutOutOnBothSides='true' wallWidth='0.9785615' wallLeft='0.021438278'>
    <material name='white'>
      <texture name='redwood' width='20.0' height='14.800001' image='22'/>
    </material>
    <transformation name='sweethome3d_hinge_1' matrix='-0.028926551 0 -0.9868639 -0.3947632 0 1 0 0 1.0124631 0 -0.028926557 0.44544673'/>
  </doorOrWindow>
  <doorOrWindow level='level-01559497-194a-4418-adef-c4e4c3496ae6' catalogId='eTeks#door' name='Door' creator='eTeks' model='1' x='640.2376' y='-644.7337' angle='4.712389' width='77.70914' depth='77.07665' height='250.0' modelMirrored='true' modelSize='14086' movable='false' cutOutShape='M0,0 v1 h1 v-1 z' wallCutOutOnBothSides='true' wallWidth='0.9587032' wallLeft='0.041296583'>
    <material name='white' color='FFFFFDF4'/>
    <transformation name='sweethome3d_hinge_1' matrix='-0.044181034 0 -1.1666288 -0.3959095 0 1 0 0 0.8554975 0 -0.044181034 0.38136864'/>
  </doorOrWindow>
  <pieceOfFurniture level='level-01559497-194a-4418-adef-c4e4c3496ae6' catalogId='eTeks#railing' name='Railing' creator='eTeks' model='26' x='57.587162' y='-1061.858' elevation='10.0' width='94.4' depth='5.0' height='90.0' color='FF2B1600' modelSize='6781' movable='false'/>
  <pieceOfFurniture level='level-01559497-194a-4418-adef-c4e4c3496ae6' catalogId='eTeks#railing' name='Railing' creator='eTeks' model='26' x='151.98717' y='-1061.858' elevation='10.0' width='94.4' depth='5.0' height='90.0' color='FF2B1600' modelSize='6781' movable='false'/>
  <pieceOfFurniture level='level-01559497-194a-4418-adef-c4e4c3496ae6' catalogId='eTeks#railing' name='Railing' creator='eTeks' model='26' x='242.1872' y='-1061.858' elevation='10.0' width='86.0' widthInPlan='86.00007' depth='5.0' height='90.0' color='FF2B1600' modelSize='6781' movable='false'/>
  <pieceOfFurniture level='level-01559497-194a-4418-adef-c4e4c3496ae6' catalogId='eTeks#table' name='Table' creator='eTeks' model='28' x='222.78061' y='-755.24426' width='124.0' depth='73.0' height='74.0' modelSize='5486'>
    <material name='lighttannew' shininess='0.0'>
      <texture name='Wooden floor' creator='eTeks' catalogId='eTeks#woodenFloor' width='42.5' height='42.5' image='29'/>
    </material>
  </pieceOfFurniture>
  <pieceOfFurniture level='level-01559497-194a-4418-adef-c4e4c3496ae6' catalogId='eTeks#toiletUnit' name='Toilet unit' creator='eTeks' model='31' x='397.2091' y='-426.20166' angle='1.5707964' width='38.0' depth='60.0' height='99.5' modelSize='125874' movable='false'/>
  <pieceOfFurniture level='level-01559497-194a-4418-adef-c4e4c3496ae6' catalogId='eTeks#chair' name='Chair' creator='eTeks' model='33' x='193.80283' y='-790.6551' width='40.0' depth='42.0' height='90.0' modelSize='3025'/>
  <pieceOfFurniture level='level-01559497-194a-4418-adef-c4e4c3496ae6' catalogId='eTeks#chair' name='Chair' creator='eTeks' model='33' x='251.92624' y='-790.2944' width='40.0' depth='42.0' height='90.0' modelSize='3025'/>
  <pieceOfFurniture level='level-01559497-194a-4418-adef-c4e4c3496ae6' catalogId='eTeks#chair' name='Chair' creator='eTeks' model='33' x='250.41037' y='-710.94244' angle='3.1415927' width='40.0' depth='42.0' height='90.0' modelSize='3025'/>
  <pieceOfFurniture level='level-01559497-194a-4418-adef-c4e4c3496ae6' catalogId='eTeks#chair' name='Chair' creator='eTeks' model='33' x='192.64755' y='-712.0977' angle='3.1415927' width='40.0' depth='42.0' height='90.0' modelSize='3025'/>
  <pieceOfFurniture level='level-01559497-194a-4418-adef-c4e4c3496ae6' catalogId='eTeks#hood' name='Hood' creator='eTeks' model='35' x='36.687164' y='-840.30493' elevation='186.0' angle='4.712389' width='60.0' depth='52.600002' height='65.0' heightInPlan='65.00004' modelSize='10536'>
    <material name='dkdkgrey' color='FFC2C2C2' shininess='1.0'/>
    <material name='dkgrey' color='FFC2C2C2' shininess='1.0'/>
  </pieceOfFurniture>
  <pieceOfFurniture level='level-01559497-194a-4418-adef-c4e4c3496ae6' catalogId='eTeks#sofa2' name='Sofa' creator='eTeks' model='37' x='241.53061' y='-409.85803' angle='1.5707964' width='200.0' depth='86.5' height='88.0' modelSize='55383'/>
  <pieceOfFurniture level='level-01559497-194a-4418-adef-c4e4c3496ae6' catalogId='eTeks#coffeeTable' name='Coffee table' creator='eTeks' model='39' x='137.48302' y='-414.1991' angle='1.5707964' width='125.0' depth='46.0' height='40.0' modelSize='9814'/>
  <pieceOfFurniture level='level-01559497-194a-4418-adef-c4e4c3496ae6' catalogId='eTeks#bookcase' name='Bookcase' creator='eTeks' model='41' x='133.5622' y='-59.858032' angle='1.5707964' width='100.0' depth='40.0' height='211.0' modelSize='3516'>
    <material name='flbrown' color='FFBC8000' shininess='0.5234375'/>
  </pieceOfFurniture>
  <light level='level-01559497-194a-4418-adef-c4e4c3496ae6' catalogId='eTeks#floorUplight' name='Floor uplight' creator='eTeks' model='43' x='779.1616' y='-999.7399' width='33.0' depth='33.0' height='181.0' modelSize='19627'/>
  <pieceOfFurniture level='level-01559497-194a-4418-adef-c4e4c3496ae6' catalogId='eTeks#chest' name='Chest' creator='eTeks' model='45' x='771.18665' y='-732.6155' angle='1.5707964' width='89.0' depth='48.95' depthInPlan='48.950005' height='71.2' modelSize='52875'/>
  <pieceOfFurniture level='level-01559497-194a-4418-adef-c4e4c3496ae6' name='bedWithTexture' model='50/bedWithTexture.obj' x='698.4084' y='-873.6155' angle='1.5707964' width='193.0' depth='194.50636' depthInPlan='194.5064' height='65.73464' modelSize='2024020'>
    <material name='coverlet'>
      <texture name='ffb0494741b3db8df397dca251226ccb' width='405.0' height='276.85547' image='51'/>
    </material>
  </pieceOfFurniture>
  <doorOrWindow level='level-01559497-194a-4418-adef-c4e4c3496ae6' catalogId='eTeks#doubleFrenchWindow126x200' name='Double French window' creator='eTeks' model='3' x='758.0958' y='-388.86655' elevation='93.5' angle='4.7149243' width='139.0' depth='10.200749' height='150.5' modelSize='13346' movable='false' cutOutShape='M0,0 v1 h1 v-1 z' wallCutOutOnBothSides='true'/>
  <light level='level-01559497-194a-4418-adef-c4e4c3496ae6' catalogId='eTeks#incandescentLightSource' name='Incandescent light source' creator='eTeks' model='47' x='154.91954' y='-423.29608' elevation='244.0' width='10.0' depth='10.0' height='10.0' modelSize='1286' horizontallyRotatable='false' deformable='false' texturable='false'/>
  <light level='level-01559497-194a-4418-adef-c4e4c3496ae6' catalogId='eTeks#incandescentLightSource' name='Incandescent light source' creator='eTeks' model='47' x='385.15924' y='-757.6377' elevation='244.0' width='10.0' depth='10.0' height='10.0' modelSize='1286' horizontallyRotatable='false' deformable='false' texturable='false'/>
  <light level='level-01559497-194a-4418-adef-c4e4c3496ae6' catalogId='eTeks#incandescentLightSource' name='Incandescent light source' creator='eTeks' model='47' x='356.80078' y='-422.77966' elevation='244.0' width='10.0' depth='10.0' height='10.0' modelSize='1286' horizontallyRotatable='false' deformable='false' texturable='false'/>
  <light level='level-01559497-194a-4418-adef-c4e4c3496ae6' catalogId='eTeks#incandescentLightSource' name='Incandescent light source' creator='eTeks' model='47' x='580.20166' y='-441.77643' elevation='244.0' width='10.0' depth='10.0' height='10.0' modelSize='1286' horizontallyRotatable='false' deformable='false' texturable='false'/>
  <light level='level-01559497-194a-4418-adef-c4e4c3496ae6' catalogId='eTeks#incandescentLightSource' name='Incandescent light source' creator='eTeks' model='47' x='714.6981' y='-618.06555' elevation='244.0' width='10.0' depth='10.0' height='10.0' modelSize='1286' horizontallyRotatable='false' deformable='false' texturable='false'/>
  <light level='level-01559497-194a-4418-adef-c4e4c3496ae6' catalogId='eTeks#incandescentLightSource' name='Incandescent light source' creator='eTeks' model='47' x='632.6325' y='-869.58154' elevation='244.0' width='10.0' depth='10.0' height='10.0' modelSize='1286' horizontallyRotatable='false' deformable='false' texturable='false'/>
  <pieceOfFurniture level='level-01559497-194a-4418-adef-c4e4c3496ae6' name='shower11' model='53/Shower%20cabin%20ravak%20Glassline%20N040113.3DS' x='342.4591' y='-350.60803' angle='3.1415927' width='99.5' widthInPlan='99.50003' depth='81.5' height='224.5' modelSize='900334'>
    <material name='chrome08 210' color='FFDDDDDD' shininess='0.7890625'/>
  </pieceOfFurniture>
  <pieceOfFurniture level='level-01559497-194a-4418-adef-c4e4c3496ae6' name='shower11' model='53/Shower%20cabin%20ravak%20Glassline%20N040113.3DS' x='802.53564' y='-635.6155' angle='1.5707964' width='90.0' widthInPlan='90.00002' depth='66.5' height='224.5' modelSize='900334'>
    <material name='chrome08 210' color='FFDDDDDD' shininess='0.7890625'/>
  </pieceOfFurniture>
  <pieceOfFurniture level='level-01559497-194a-4418-adef-c4e4c3496ae6' name='washbasin11' model='55/Wash-basin%201.3DS' x='405.9591' y='-498.10803' width='42.5' depth='92.5' height='144.1513' heightInPlan='144.15129' modelSize='8713979'/>
  <pieceOfFurniture level='level-01559497-194a-4418-adef-c4e4c3496ae6' name='washbasin11' model='55/Wash-basin%201.3DS' x='656.24475' y='-573.10803' angle='1.5707964' width='42.5' depth='92.5' height='144.2' modelSize='8713979'/>
  <pieceOfFurniture level='level-01559497-194a-4418-adef-c4e4c3496ae6' catalogId='eTeks#toiletUnit' name='Toilet unit' creator='eTeks' model='31' x='733.9625' y='-581.85803' angle='3.1415927' width='38.0' depth='60.0' height='99.5' modelSize='125874' movable='false'/>
  <pieceOfFurniture level='level-01559497-194a-4418-adef-c4e4c3496ae6' name='mirror12' model='57/Mirror.3DS' x='426.2091' y='-475.2719' elevation='128.0' angle='1.5707964' width='135.0' depth='2.0' depthInPlan='1.9999987' height='90.0' modelSize='649357'>
    <material name='Material #9' color='FFF8F8F8' shininess='1.0'/>
  </pieceOfFurniture>
  <pieceOfFurniture level='level-01559497-194a-4418-adef-c4e4c3496ae6' name='mirror12' model='57/Mirror.3DS' x='677.49475' y='-552.85803' elevation='128.0' angle='3.1415927' width='135.0' depth='2.0' depthInPlan='1.9999987' height='90.0' modelSize='649357'>
    <material name='Material #9' color='FFF8F8F8' shininess='1.0'/>
  </pieceOfFurniture>
  <pieceOfFurniture level='level-01559497-194a-4418-adef-c4e4c3496ae6' catalogId='eTeks#clothesWasher' name='Clothes washer' creator='eTeks' model='59' x='45.88717' y='-925.52295' angle='4.712389' width='73.0' depth='71.0' height='99.0' modelSize='24815'>
    <material name='flwhite1' color='FF2E2E2E'/>
    <material name='white' color='FFD2D2D2' shininess='0.875'/>
  </pieceOfFurniture>
  <light level='level-01559497-194a-4418-adef-c4e4c3496ae6' catalogId='eTeks#halogenLightSource' name='Halogen light source' creator='eTeks' model='47' x='160.0877' y='-759.9315' elevation='220.0' width='10.0' depth='10.0' height='10.0' modelSize='1286' horizontallyRotatable='false' deformable='false' texturable='false'/>
  <pieceOfFurniture level='level-01559497-194a-4418-adef-c4e4c3496ae6' catalogId='eTeks#kitchenUpperCabinet' name='Kitchen upper cabinet' creator='eTeks' model='62' x='30.437162' y='-761.8459' elevation='173.0' angle='4.712389' width='60.0' depth='40.100002' height='68.0' modelSize='11850'>
    <material name='white' color='FF552700' shininess='0.0'/>
  </pieceOfFurniture>
  <pieceOfFurniture level='level-01559497-194a-4418-adef-c4e4c3496ae6' catalogId='eTeks#kitchenUpperCabinet' name='Kitchen upper cabinet' creator='eTeks' model='62' x='30.437164' y='-705.53235' elevation='173.0' angle='4.712389' width='60.0' depth='40.100002' height='68.0' modelSize='11850'>
    <material name='white' color='FF552700' shininess='0.0'/>
  </pieceOfFurniture>
  <light level='level-01559497-194a-4418-adef-c4e4c3496ae6' catalogId='eTeks#incandescentLightSource' name='Incandescent light source' creator='eTeks' model='47' x='78.64897' y='-127.94159' elevation='244.0' width='10.0' depth='10.0' height='10.0' modelSize='1286' horizontallyRotatable='false' deformable='false' texturable='false'/>
  <pieceOfFurniture level='level-01559497-194a-4418-adef-c4e4c3496ae6' catalogId='eTeks#chest' name='Chest' creator='eTeks' model='45' x='134.5622' y='-162.35803' angle='1.5707964' width='95.0' depth='38.0' height='80.0' modelSize='52875'/>
  <pieceOfFurniture level='level-01559497-194a-4418-adef-c4e4c3496ae6' catalogId='eTeks#dishwasher' name='Dishwasher' creator='eTeks' model='64' x='42.88717' y='-645.53235' angle='4.712389' width='60.0' depth='65.0' height='80.0' modelSize='7169'/>
  <pieceOfFurniture level='level-01559497-194a-4418-adef-c4e4c3496ae6' catalogId='eTeks#bed140x190' name='Bed 140x190' creator='eTeks' model='8' x='663.1365' y='-494.358' angle='1.5707964' width='100.0' widthInPlan='100.00002' depth='180.0' depthInPlan='179.99998' height='70.0' modelSize='11797'>
    <material name='flyellow' color='FFA85B00'/>
  </pieceOfFurniture>
  <pieceOfFurniture level='level-01559497-194a-4418-adef-c4e4c3496ae6' name='Drawers' model='66/drawers.obj' x='40.387154' y='-645.34656' angle='4.712389' width='60.0' depth='60.0' height='108.0' modelSize='7652'/>
  <pieceOfFurniture level='level-01559497-194a-4418-adef-c4e4c3496ae6' name='island' model='68/pianoIsola.obj' x='39.88716' y='-615.53235' width='59.0' depth='120.0' height='109.0' modelSize='43482'/>
  <pieceOfFurniture level='level-01559497-194a-4418-adef-c4e4c3496ae6' name='cookingPlate' model='70/cookingPlate.obj' x='46.463745' y='-837.76324' elevation='109.0' angle='4.712389' width='56.0' depth='30.0' height='3.0000076' heightInPlan='3.0000093' modelSize='73759'/>
  <pieceOfFurniture level='level-01559497-194a-4418-adef-c4e4c3496ae6' name='cabinet' model='72/cabinet.obj' x='41.38717' y='-835.53235' angle='4.712389' width='80.0' depth='62.0' height='108.0' modelSize='6487'/>
  <pieceOfFurniture level='level-01559497-194a-4418-adef-c4e4c3496ae6' name='Drawers' model='66/drawers.obj' x='41.337166' y='-590.6886' angle='4.712389' width='40.0' depth='61.9' height='108.0' modelSize='7652'/>
  <pieceOfFurniture level='level-01559497-194a-4418-adef-c4e4c3496ae6' catalogId='eTeks#kitchenUpperCabinet' name='Kitchen upper cabinet' creator='eTeks' model='62' x='30.437166' y='-645.53235' elevation='173.0' angle='4.712389' width='60.0' depth='40.100002' height='68.0' modelSize='11850'>
    <material name='white' color='FF552700' shininess='0.0'/>
  </pieceOfFurniture>
  <wall id='wall-16df6e5d-3a46-436f-9f1f-fc2fad85b20f' level='level-01559497-194a-4418-adef-c4e4c3496ae6' xStart='6.6371613' yStart='-885.27295' xEnd='288.5306' yEnd='-885.27295' height='250.0' thickness='7.5' pattern='hatchUp' leftSideColor='FFFFF7B8' rightSideColor='FFFFF7B8'/>
  <wall id='wall-9b0eb5bf-0eb7-4dd0-a11c-bdcbd27a51f7' level='level-01559497-194a-4418-adef-c4e4c3496ae6' wallAtEnd='wall-9949db24-08a6-418d-a00f-dbf9a7137074' xStart='6.6371613' yStart='-6.108019' xEnd='157.3122' yEnd='-6.108032' height='250.0' thickness='7.5' pattern='hatchUp' leftSideColor='FFFFF7B8' rightSideColor='FFFFF7B8'/>
  <wall id='wall-9949db24-08a6-418d-a00f-dbf9a7137074' level='level-01559497-194a-4418-adef-c4e4c3496ae6' wallAtStart='wall-9b0eb5bf-0eb7-4dd0-a11c-bdcbd27a51f7' wallAtEnd='wall-5fb90b47-5893-4d7d-875f-7b89154ae8eb' xStart='157.3122' yStart='-6.108032' xEnd='157.3122' yEnd='-306.10803' height='250.0' thickness='7.5' pattern='hatchUp' leftSideColor='FFFFF7B8' rightSideColor='FFFFF7B8'/>
  <wall id='wall-abcb893a-82ce-4034-856d-73a3a9f59b12' level='level-01559497-194a-4418-adef-c4e4c3496ae6' xStart='288.5306' yStart='-306.10803' xEnd='288.5306' yEnd='-551.80804' height='250.0' thickness='7.5' pattern='hatchUp' leftSideColor='FFFFF7B8' rightSideColor='FFFFF7B8'/>
  <wall id='wall-02475093-0c5d-444b-b5f6-cfc15299fafb' level='level-01559497-194a-4418-adef-c4e4c3496ae6' wallAtEnd='wall-2c4d63cc-722c-4cd9-99fe-0cc0c870944a' xStart='288.5306' yStart='-548.10803' xEnd='430.9591' yEnd='-548.10803' height='250.0' thickness='7.5' pattern='hatchUp' leftSideColor='FFFFF7B8' rightSideColor='FFFFF7B8'/>
  <wall id='wall-2c4d63cc-722c-4cd9-99fe-0cc0c870944a' level='level-01559497-194a-4418-adef-c4e4c3496ae6' wallAtStart='wall-02475093-0c5d-444b-b5f6-cfc15299fafb' xStart='430.9591' yStart='-548.10803' xEnd='430.9591' yEnd='-306.10803' height='250.0' thickness='7.5' pattern='hatchUp' leftSideColor='FFFFF7B8' rightSideColor='FFFFF7B8'/>
  <wall id='wall-b15358fd-e6af-4684-ae65-befc4ba95529' level='level-01559497-194a-4418-adef-c4e4c3496ae6' wallAtEnd='wall-7abe4298-3ff3-4773-b720-5f300e82725d' xStart='430.9591' yStart='-393.1275' xEnd='395.9591' yEnd='-393.1275' height='250.0' thickness='7.5' pattern='hatchUp' leftSideColor='FFFFF7B8' rightSideColor='FFFFF7B8'/>
  <wall id='wall-7abe4298-3ff3-4773-b720-5f300e82725d' level='level-01559497-194a-4418-adef-c4e4c3496ae6' wallAtStart='wall-b15358fd-e6af-4684-ae65-befc4ba95529' xStart='395.9591' yStart='-393.1275' xEnd='395.9591' yEnd='-306.10803' height='250.0' thickness='7.5' pattern='hatchUp' leftSideColor='FFFFF7B8' rightSideColor='FFFFF7B8'/>
  <wall id='wall-129c517a-2ead-45fc-9046-0d53e2cb3513' level='level-01559497-194a-4418-adef-c4e4c3496ae6' xStart='485.5445' yStart='-635.30664' xEnd='485.5445' yEnd='-1023.30664' height='250.0' thickness='7.5' pattern='hatchUp' leftSideColor='FFFFF7B8' rightSideColor='FFFFF7B8'/>
  <wall id='wall-0e6ce14d-6065-49f8-8168-76428f0450f0' level='level-01559497-194a-4418-adef-c4e4c3496ae6' xStart='288.5306' yStart='-1019.9899' xEnd='375.74622' yEnd='-1019.9899' height='250.0' thickness='7.5' pattern='hatchUp' leftSideColor='FFFFF7B8' rightSideColor='FFFFF7B8'/>
  <wall id='wall-52b2b8d7-989e-4bac-bea7-b7b83ab66916' level='level-01559497-194a-4418-adef-c4e4c3496ae6' xStart='488.65936' yStart='-1019.9899' xEnd='567.65936' yEnd='-1019.9899' height='250.0' thickness='7.5' pattern='hatchUp' leftSideColor='FFFFF7B8' rightSideColor='FFFFF7B8'/>
  <wall id='wall-3998a9ba-2a4b-47a9-8d8d-54aa1bdcff37' level='level-01559497-194a-4418-adef-c4e4c3496ae6' wallAtEnd='wall-d2162559-b0ff-451e-bc50-f9a96221306e' xStart='756.536' yStart='-306.10803' xEnd='757.2459' yEnd='-586.10803' height='250.0' thickness='7.5' pattern='hatchUp' leftSideColor='FFFFF7B8' rightSideColor='FFFFF7B8'/>
  <wall id='wall-d2162559-b0ff-451e-bc50-f9a96221306e' level='level-01559497-194a-4418-adef-c4e4c3496ae6' wallAtStart='wall-3998a9ba-2a4b-47a9-8d8d-54aa1bdcff37' xStart='757.2459' yStart='-586.10803' xEnd='839.536' yEnd='-586.10803' height='250.0' thickness='7.5' pattern='hatchUp' leftSideColor='FFFFF7B8' rightSideColor='FFFFF7B8'/>
  <wall id='wall-4ef7cb21-8ff0-40f4-9efe-7c1bdba5e23a' level='level-01559497-194a-4418-adef-c4e4c3496ae6' xStart='606.24475' yStart='-548.10803' xEnd='606.24475' yEnd='-684.3655' height='250.0' thickness='7.5' pattern='hatchUp' leftSideColor='FFFFF7B8' rightSideColor='FFFFF7B8'/>
  <wall id='wall-28e6617f-67b8-41af-8c56-fd7ad15a7c17' level='level-01559497-194a-4418-adef-c4e4c3496ae6' xStart='602.54474' yStart='-684.3655' xEnd='843.24475' yEnd='-684.3655' height='250.0' thickness='7.5' pattern='hatchUp' leftSideColor='FFFFF7B8' rightSideColor='FFFFF7B8'/>
  <wall id='wall-bde6dbf1-0a8f-4422-a4ac-557779b0e5e3' level='level-01559497-194a-4418-adef-c4e4c3496ae6' xStart='375.74622' yStart='-1019.9899' xEnd='485.5445' yEnd='-1019.9899' height='250.0' thickness='7.5' pattern='hatchUp' leftSideColor='FFFFF7B8' rightSideColor='FFFFF7B8'/>
  <wall id='wall-9072daac-01e5-42de-9544-77927ffe86a7' level='level-01559497-194a-4418-adef-c4e4c3496ae6' xStart='799.4116' yStart='-684.3655' xEnd='799.4116' yEnd='-1019.9899' height='250.0' thickness='7.5' pattern='hatchUp' leftSideColor='FFFFF7B8' rightSideColor='FFFFF7B8'/>
  <wall id='wall-35a4d933-80d3-435e-825d-5ba0e756cad2' level='level-01559497-194a-4418-adef-c4e4c3496ae6' xStart='567.65936' yStart='-1019.9899' xEnd='803.15936' yEnd='-1019.9899' height='250.0' thickness='7.5' pattern='hatchUp' leftSideColor='FFFFF7B8' rightSideColor='FFFFF7B8'/>
  <wall id='wall-7bf64041-5a17-49b9-a8ff-1942b3e6e04e' level='level-01559497-194a-4418-adef-c4e4c3496ae6' xStart='839.536' yStart='-684.3655' xEnd='839.536' yEnd='-582.46545' height='250.0' thickness='7.5' pattern='hatchUp' leftSideColor='FFFFF7B8' rightSideColor='FFFFF7B8'/>
  <wall id='wall-63dd3322-43c8-4213-b964-f7b5683ef0ce' level='level-01559497-194a-4418-adef-c4e4c3496ae6' xStart='515.60004' yStart='-635.30664' xEnd='515.60004' yEnd='-548.10803' height='250.0' thickness='7.5' pattern='hatchUp'/>
  <wall id='wall-1d608f6a-5d69-47c5-abd5-66ed015a540e' level='level-01559497-194a-4418-adef-c4e4c3496ae6' wallAtStart='wall-b05cabbd-c01a-4317-89e0-2c5d4f6910f8' xStart='6.6371613' yStart='-885.27295' xEnd='6.6371613' yEnd='-1068.108' height='250.0' thickness='7.5' pattern='hatchUp' leftSideColor='FFFFF7B8' rightSideColor='FFFFF7B8'/>
  <wall id='wall-5fb90b47-5893-4d7d-875f-7b89154ae8eb' level='level-01559497-194a-4418-adef-c4e4c3496ae6' wallAtStart='wall-9949db24-08a6-418d-a00f-dbf9a7137074' wallAtEnd='wall-5bca35dd-a666-4268-ab10-6f136978670b' xStart='157.3122' yStart='-306.10803' xEnd='288.5306' yEnd='-306.10803' height='250.0' thickness='7.5' pattern='hatchUp' leftSideColor='FFFFF7B8' rightSideColor='FFFFF7B8'/>
  <wall id='wall-5bca35dd-a666-4268-ab10-6f136978670b' level='level-01559497-194a-4418-adef-c4e4c3496ae6' wallAtStart='wall-5fb90b47-5893-4d7d-875f-7b89154ae8eb' xStart='288.5306' yStart='-306.10803' xEnd='760.3122' yEnd='-306.10803' height='250.0' thickness='7.5' pattern='hatchUp' leftSideColor='FFFFF7B8' rightSideColor='FFFFF7B8'/>
  <wall id='wall-ab966687-047a-4d99-9eab-321a49601c2a' level='level-01559497-194a-4418-adef-c4e4c3496ae6' wallAtEnd='wall-bd66ba17-8e9f-4d56-80ef-048415b3a4f0' xStart='288.5306' yStart='-1068.8204' xEnd='288.5306' yEnd='-885.27295' height='250.0' thickness='7.5' pattern='hatchUp' leftSideColor='FFFFF7B8' rightSideColor='FFFFF7B8'/>
  <wall id='wall-bd66ba17-8e9f-4d56-80ef-048415b3a4f0' level='level-01559497-194a-4418-adef-c4e4c3496ae6' wallAtStart='wall-ab966687-047a-4d99-9eab-321a49601c2a' xStart='288.5306' yStart='-885.27295' xEnd='288.5306' yEnd='-631.32043' height='250.0' thickness='7.5' pattern='hatchUp' leftSideColor='FFFFF7B8' rightSideColor='FFFFF7B8'/>
  <wall id='wall-96c89be6-e150-4598-a34b-58ee5846aaae' level='level-01559497-194a-4418-adef-c4e4c3496ae6' wallAtEnd='wall-5142769a-4d4e-49f0-8a28-048a1942a979' xStart='367.9591' yStart='-635.30664' xEnd='515.60004' yEnd='-635.30664' height='250.0' thickness='7.5' pattern='hatchUp' leftSideColor='FFFFF7B8' rightSideColor='FFFFF7B8'/>
  <wall id='wall-5142769a-4d4e-49f0-8a28-048a1942a979' level='level-01559497-194a-4418-adef-c4e4c3496ae6' wallAtStart='wall-96c89be6-e150-4598-a34b-58ee5846aaae' xStart='515.60004' yStart='-635.30664' xEnd='519.35913' yEnd='-635.30664' height='250.0' thickness='7.5' pattern='hatchUp' leftSideColor='FFFFF7B8' rightSideColor='FFFFF7B8'/>
  <wall id='wall-4b296991-b276-4ef6-90b5-f30f2b7d35bf' level='level-01559497-194a-4418-adef-c4e4c3496ae6' wallAtEnd='wall-98315cfd-90de-4d63-a70a-f7c594a38ce9' xStart='755.81085' yStart='-548.10803' xEnd='515.60004' yEnd='-548.10803' height='250.0' thickness='7.5' pattern='hatchUp' leftSideColor='FFFFF7B8' rightSideColor='FFFFF7B8'/>
  <wall id='wall-98315cfd-90de-4d63-a70a-f7c594a38ce9' level='level-01559497-194a-4418-adef-c4e4c3496ae6' wallAtStart='wall-4b296991-b276-4ef6-90b5-f30f2b7d35bf' xStart='515.60004' yStart='-548.10803' xEnd='430.9591' yEnd='-548.10803' height='250.0' thickness='7.5' pattern='hatchUp' leftSideColor='FFFFF7B8' rightSideColor='FFFFF7B8'/>
  <wall id='wall-7810aa96-124b-43f9-acfe-f7c5a3fa7fbf' level='level-01559497-194a-4418-adef-c4e4c3496ae6' wallAtEnd='wall-b05cabbd-c01a-4317-89e0-2c5d4f6910f8' xStart='6.6371613' yStart='-2.3079834' xEnd='6.6371613' yEnd='-6.108019' height='250.0' thickness='7.5' pattern='hatchUp' leftSideColor='FFFFF7B8' rightSideColor='FFFFF7B8'/>
  <wall id='wall-b05cabbd-c01a-4317-89e0-2c5d4f6910f8' level='level-01559497-194a-4418-adef-c4e4c3496ae6' wallAtStart='wall-7810aa96-124b-43f9-acfe-f7c5a3fa7fbf' wallAtEnd='wall-1d608f6a-5d69-47c5-abd5-66ed015a540e' xStart='6.6371613' yStart='-6.108019' xEnd='6.6371613' yEnd='-885.27295' height='250.0' thickness='7.5' pattern='hatchUp' leftSideColor='FFFFF7B8' rightSideColor='FFFFF7B8'/>
  <room id='room-be0b90dd-c7f2-4993-bb0b-eb5c3201c358' level='level-01559497-194a-4418-adef-c4e4c3496ae6' areaVisible='true' areaXOffset='-110.29936' areaYOffset='16.882568' ceilingColor='FFFFF8DA'>
    <texture attribute='floorTexture' name='Grey tiles' creator='eTeks' catalogId='eTeks#greyTile' width='31.5' height='31.5' scale='2.8' image='73'/>
    <point x='10.387161' y='-881.7003'/>
    <point x='284.78064' y='-881.7003'/>
    <point x='284.78064' y='-631.4978'/>
    <point x='512.08057' y='-632.0978'/>
    <point x='512.08057' y='-551.85803'/>
    <point x='284.7806' y='-551.80804'/>
    <point x='284.7806' y='-310.458'/>
    <point x='153.5622' y='-310.458'/>
    <point x='153.56218' y='-10.0354'/>
    <point x='10.387161' y='-10.035388'/>
    <point x='10.387161' y='-311.41208'/>
  </room>
  <room id='room-b49d58a6-e851-40c6-9407-94f97d454e8a' level='level-01559497-194a-4418-adef-c4e4c3496ae6' areaVisible='true' areaXOffset='-8.501648' areaYOffset='-27.310913' ceilingColor='FFFFF8DA'>
    <texture attribute='floorTexture' name='Grey tiles' creator='eTeks' catalogId='eTeks#greyTile' width='31.5' height='31.5' image='73'/>
    <point x='292.2806' y='-543.9725'/>
    <point x='292.2806' y='-309.85803'/>
    <point x='392.2091' y='-309.85803'/>
    <point x='392.2091' y='-396.8775'/>
    <point x='427.2091' y='-396.8775'/>
    <point x='427.2091' y='-544.335'/>
  </room>
  <room id='room-678d89b2-45fa-41e8-833f-69e4d76d3877' level='level-01559497-194a-4418-adef-c4e4c3496ae6' areaVisible='true' areaXOffset='-45.02014' areaYOffset='10.129517' ceilingColor='FFFFF8DA'>
    <texture attribute='floorTexture' name='wood11' width='370.0' height='260.15622' image='74'/>
    <point x='434.7091' y='-544.35803'/>
    <point x='434.7091' y='-309.85803'/>
    <point x='752.786' y='-309.85803'/>
    <point x='752.786' y='-543.9725'/>
  </room>
  <room id='room-56e2c9e7-edb5-47c9-8092-bbd0005755e0' level='level-01559497-194a-4418-adef-c4e4c3496ae6' areaVisible='true' areaXOffset='-21.384583' areaYOffset='-33.765137' ceilingColor='FFFFF8DA'>
    <texture attribute='floorTexture' name='Grey tiles' creator='eTeks' catalogId='eTeks#greyTile' width='31.5' height='31.5' image='73'/>
    <point x='609.99475' y='-680.6155'/>
    <point x='835.786' y='-680.6155'/>
    <point x='835.786' y='-589.85803'/>
    <point x='753.5053' y='-589.85803'/>
    <point x='753.5053' y='-551.85803'/>
    <point x='609.99475' y='-551.85803'/>
  </room>
  <room id='room-f62a8383-ad7a-4a6b-96ac-1eef84f5d9e8' level='level-01559497-194a-4418-adef-c4e4c3496ae6' areaVisible='true' areaXOffset='5.6275635' areaYOffset='64.15375' ceilingColor='FFFFF8DA'>
    <texture attribute='floorTexture' name='wood11' width='370.0' height='260.15622' image='74'/>
    <point x='795.6616' y='-1016.2399'/>
    <point x='489.2945' y='-1016.2399'/>
    <point x='489.2945' y='-639.05664'/>
    <point x='519.35913' y='-639.05664'/>
    <point x='519.35004' y='-551.85803'/>
    <point x='602.49475' y='-551.85803'/>
    <point x='602.54474' y='-688.1155'/>
    <point x='795.6616' y='-688.1155'/>
  </room>
  <room id='room-2fe554d7-8c64-4519-9ce4-c348c2794dd0' level='level-01559497-194a-4418-adef-c4e4c3496ae6' areaVisible='true' areaXOffset='-35.173645' areaYOffset='-6.8014526' ceilingColor='FFFFF8DA'>
    <texture attribute='floorTexture' name='wood11' width='142.22221' height='100.0' image='74'/>
    <point x='481.7945' y='-1016.2399'/>
    <point x='292.2806' y='-1016.2399'/>
    <point x='292.28058' y='-639.05664'/>
    <point x='481.7945' y='-639.05664'/>
  </room>
  <room id='room-b2dab691-0f60-4443-927e-f40650684e16' level='level-01559497-194a-4418-adef-c4e4c3496ae6' name='' nameXOffset='-4.502014' nameYOffset='-38.87451' areaVisible='true' areaXOffset='-3.0517578E-5' areaYOffset='-7.87854' floorShininess='0.25' ceilingVisible='false'>
    <texture attribute='floorTexture' name='Dark blue tiles' creator='eTeks' catalogId='eTeks#darkBlueTile' width='33.5' height='33.5' image='75'/>
    <point x='10.387161' y='-1060.7974'/>
    <point x='10.387161' y='-889.02295'/>
    <point x='284.7806' y='-889.02295'/>
    <point x='284.7806' y='-1060.7974'/>
  </room>
</home>